first_name,last_name,customer_id,brand
Steve,Ryan,2,Emirates
Cathenna,Emily,4,Emirates
Cathenna,Emily,4,Emirates
Aaron,Kim,5,Emirates
Anderson,Stewart,7,Emirates
Leo,Travis,9,Emirates
Roger,Walson,11,Emirates
Roger,Walson,11,Emirates
Carol,Vernon,14,Emirates
Gloria,Richie,18,Emirates
Gloria,Richie,18,Emirates
Joyce,Paul,19,Emirates
Moss,Morris,25,Emirates
Moss,Morris,25,Emirates
Cherly,Vernon,27,Emirates
James,Robert,31,Emirates
Bily,Brian,44,Emirates
Russell,Peter,49,Emirates
